明日の10時からの西野先生の講義はどこに行けばいいでしょうか？,u
明日、雨が降った場合のタイムスケジュールはどのようになりますか？,u
明日の西野先生の講義はどこでしょうか？,u
今日のイベントはどこで行われますか？,u
明日の講演会の講師はどなたでしょうか？,u
明日の講演会の講師はどなたでしょうか？,u
明日の講演会の場所はどこですか？,u
明日の西野先生の講演会はいつですか？,u
明日の西野先生の講演会はいつですか？,u
明日の西野先生の講演会はいつですか？,u
		for anser in anser:,u
明日の西野先生の講演会はいつですか？,u
明日の講義はどこで行われますか？,u
明日のイベントは何がありますか？,u
明日の西野先生の講義はどこで行われますか？,u
明日のステージでのイベント名は何ですか？,u
明日の西野先生の授業はどこですか？？,u
明日の西野先生の講演会は何時間の予定ですか？,u
明日の西野先生の講演会は何時間の予定ですか？,u
明日の西野先生の授業はどこに行けば良いですか？,u
明日の西野先生の授業はどこに行けばいいのですか？,u
今日の西野先生の授業はどこに行けば良いですか？,u
今日の西野先生の授業はどこで行われますか？,u
今日の西野先生の授業はどこですか？,u
今日の西野先生の授業は何時からですか？,u
今日の西野先生の授業はどこで行われますか？,u
今日の西野先生の授業は何時からですか？,u
明日の西野先生の講演会はどこで行われますか？,u
明日の西野先生の講演会はどこですか？,u
今日の講演会はどこで行われますか？,u
明日の講演会は何時からですか？,u
明日の講堂での講演会は何時から始まりますか？,u
明日の講堂での講演会は何時からですか？,u
明日の西野先生の講演会は何時からですか？,u
明日の西野先生の講演会はどこで行われますか？,u
明日の西野先生の講演会はどこで行われますか？,u
西野先生の講演会はいつですか？,u
明日の講演会は何時からですか？,u
明日の講演会は何時からですか？,u
明日の講演会は何時からですか？,u
戸村先生の講演会を聞きたいのですが,u
戸村さんの講演会が聞きたいのですが,u
戸村さんの講演会を聞きに来たのですが,u
戸村さんの講演会を聞きたいのですが,u
戸村さんの講演会を聞きに来たのですが,u
戸村さんの講演会を聞きに来ました。,u
戸村さんの講演会に行きたいのですが,u
戸村さんの講演会は何時から始まりますか？,u
明日の戸村先生の講演会は何時から始まりますkさ？,u
戸村さんの講演会はどこですか？,u
戸村先生の講演会はどこでしょうか？,u
戸村先生の講演会はどこに行けばいいですか？,u
戸村さんの講義を聞きたいのですが,u
西野先生の講演会はありますか？,u
西野先生の講演会はいつですか？,u
西野先生の講演会は何時からですか？,u
西野先生の講演会は何時からですか？,u
西野先生の講演会は何時からですか？,u
西野先生の講演会はどこでしょうか？,u
西野先生の講演会はどこでしょうあk？,u
西野先生の講演会はどこでしょうか？,u
西野先生の講演会はどこでしょうか？,u
西野先生の講演会は何時からですか。,u
今日の西野先生の講演会は何時からですか？,u
